{
  "n": 10836,
  "wilcoxon": {
    "stat": 4997605.0,
    "p": 0.0
  },
  "permutation": {
    "p": 0.0,
    "obs_mean_diff": -0.009789913892745972
  },
  "bootstrap_mean_diff_ci": {
    "low": -0.010955541976727545,
    "high": -0.008698597876355052
  },
  "mcnemar": {
    "n01": 4,
    "n10": 49,
    "n00": 796,
    "n11": 9987,
    "stat": 36.528301886792455,
    "p_chi2": 1.5046559553866246e-09,
    "p_exact": 1.4107959245279744e-10
  },
  "summary": {
    "mean_p_true_original": 0.904900074005127,
    "mean_p_true_lemmatized": 0.9146899580955505,
    "mean_diff": -0.009789913892745972
  }
}